step,timestamp,phase,phase_count_node,phase_count_graph,avg_loss_last_10,best_loss_so_far,time_in_phase,curriculum_phase
0,1753489288.114244,node,1,0,0.20704174041748047,0.20704174041748047,0.0,1
10,1753489290.975971,graph,3,8,161.48435272872447,0.20035025477409363,0.27569150924682617,1
20,1753489293.3699784,node,6,15,136.05480730831624,0.20035025477409363,0.0,1
30,1753489295.885723,graph,8,23,167.55423620194196,0.20035025477409363,0.26201343536376953,1
40,1753489298.2667391,node,11,30,123.63669972866774,0.20035025477409363,0.0,1
50,1753489300.7516146,graph,13,38,144.10237141549587,0.20035025477409363,0.26671934127807617,1
60,1753489303.0939038,node,16,45,95.37700553238392,0.20035025477409363,0.0,1
70,1753489305.5502648,graph,18,53,213.64366423487664,0.20035025477409363,0.24892663955688477,1
80,1753489307.960109,node,21,60,96.14592352509499,0.20035025477409363,0.0,1
90,1753489310.3936985,graph,23,68,106.54881832897664,0.20035025477409363,0.2726571559906006,1
100,1753489312.7570152,node,26,75,77.74684729278087,0.20035025477409363,0.0,1
110,1753489315.2257009,graph,28,83,86.55865803062916,0.20035025477409363,0.26639246940612793,1
120,1753489317.5354073,node,31,90,76.06207023859024,0.20035025477409363,0.0,1
130,1753489319.981622,graph,33,98,79.97328725457191,0.20035025477409363,0.24883627891540527,1
140,1753489322.3694794,node,36,105,72.8069592088461,0.20035025477409363,0.0,1
150,1753489324.7814083,graph,38,113,88.00527793467045,0.20035025477409363,0.2608802318572998,1
160,1753489327.160794,node,41,120,58.191891722381115,0.20035025477409363,0.0,1
170,1753489329.6337726,graph,43,128,61.36717010736466,0.20035025477409363,0.25528717041015625,1
180,1753489331.9980562,node,46,135,47.483002576231954,0.20035025477409363,0.0,1
190,1753489334.4724677,graph,48,143,58.768037039041516,0.20035025477409363,0.25983190536499023,1
200,1753489336.8612523,node,51,150,2130.0838205263017,0.20035025477409363,0.0,1
210,1753489339.3248534,graph,53,158,43.61426677107811,0.20035025477409363,0.2560887336730957,1
220,1753489341.8047974,node,56,165,35.44482274353504,0.20035025477409363,0.0,1
230,1753489344.284621,graph,58,173,36.168576607108115,0.20035025477409363,0.27137041091918945,1
240,1753489346.6199102,node,61,180,30.797009485960007,0.20035025477409363,0.0,1
250,1753489349.1020772,graph,63,188,38.66411944329739,0.20035025477409363,0.24864983558654785,1
260,1753489351.4915228,node,66,195,30.217294290661812,0.20035025477409363,0.0,1
270,1753489353.969762,graph,68,203,29.85980901569128,0.20035025477409363,0.290255069732666,1
280,1753489356.3152049,node,71,210,29.67046041339636,0.20035025477409363,0.0,1
290,1753489358.804197,graph,73,218,29.093415030837058,0.20035025477409363,0.26252222061157227,1
300,1753489361.218054,node,76,225,21.719095213711263,0.13518883287906647,0.0,1
310,1753489363.690642,graph,78,233,28.1700979411602,0.13518883287906647,0.2689547538757324,1
320,1753489366.0922856,node,81,240,20.22161963880062,0.13518883287906647,0.0,1
330,1753489368.5610733,graph,83,248,21.547973580658436,0.13518883287906647,0.2613525390625,1
340,1753489370.9611158,node,86,255,17.80240852832794,0.13518883287906647,0.0,1
350,1753489373.4582183,graph,88,263,19.42064462453127,0.13518883287906647,0.2628624439239502,1
360,1753489375.8821855,node,91,270,13.81642979681492,0.13518883287906647,0.0,1
370,1753489378.2988281,graph,93,278,16.890912073850632,0.13518883287906647,0.24792838096618652,1
380,1753489380.7193298,node,96,285,14.824515214562416,0.13518883287906647,0.0,1
390,1753489383.194535,graph,98,293,14.047447358071803,0.13518883287906647,0.2546114921569824,1
400,1753489385.575329,node,101,300,18.917965421080588,0.13518883287906647,0.0,1
410,1753489388.065429,graph,103,308,14.144934344291688,0.13518883287906647,0.271350622177124,1
420,1753489390.427807,node,106,315,11.117285442352294,0.13518883287906647,0.0,1
430,1753489392.8986037,graph,108,323,14.48698108792305,0.13518883287906647,0.2644801139831543,1
440,1753489395.32472,node,111,330,8.80217032134533,0.13518883287906647,0.0,1
450,1753489397.7941003,graph,113,338,11.487997636198997,0.13518883287906647,0.26551032066345215,1
460,1753489400.1804564,node,116,345,10.69136660695076,0.13518883287906647,0.0,1
470,1753489402.688325,graph,118,353,10.514254620671272,0.13518883287906647,0.26318883895874023,1
480,1753489405.0832288,node,121,360,9.33955783843994,0.13518883287906647,0.0,1
490,1753489407.543727,graph,123,368,2128.4293636217712,0.13518883287906647,0.257704496383667,1
500,1753489409.976289,node,126,375,9.21631049066782,0.13518883287906647,0.0,1
510,1753489423.953747,graph,128,383,8.010461753606796,0.13518883287906647,0.26456189155578613,1
520,1753489426.3544893,node,131,390,7.053205251693726,0.13518883287906647,0.0,1
530,1753489428.863234,graph,133,398,7.11104431450367,0.13518883287906647,0.25510716438293457,1
540,1753489431.2748024,node,136,405,6.953214958310127,0.13518883287906647,0.0,1
550,1753489433.7812855,graph,138,413,7.5981629088521005,0.13518883287906647,0.26399731636047363,1
560,1753489436.142628,node,141,420,6.06534532904625,0.13518883287906647,0.0,1
570,1753489438.6697876,graph,143,428,5.68362547159195,0.13518883287906647,0.26115894317626953,1
580,1753489441.06107,node,146,435,4.9503706157207485,0.13518883287906647,0.0,1
590,1753489443.5414522,graph,148,443,5.350104835629463,0.13518883287906647,0.2708089351654053,1
600,1753489445.9702318,node,151,450,6.056614556908608,0.13518883287906647,0.0,1
610,1753489448.4489932,graph,153,458,4.539323115348816,0.13518883287906647,0.25685834884643555,1
620,1753489450.845047,node,156,465,4.991231670975685,0.13518883287906647,0.0,1
630,1753489453.344298,graph,158,473,4.734612295031548,0.13518883287906647,0.25774097442626953,1
640,1753489455.7510908,node,161,480,2075.2491613328457,0.13518883287906647,0.0,1
650,1753489458.219635,graph,163,488,4.211563086509704,0.13518883287906647,0.2881021499633789,1
660,1753489460.5916016,node,166,495,4.3803179413080215,0.13518883287906647,0.0,1
670,1753489463.0752409,graph,168,503,46.90962057709694,0.13518883287906647,0.27613162994384766,1
680,1753489465.4897301,node,171,510,3.3180513948202135,0.13518883287906647,0.0,1
690,1753489467.964368,graph,173,518,3.886919268965721,0.13518883287906647,0.2738032341003418,1
700,1753489470.381668,node,176,525,3.1036757946014406,0.13518883287906647,0.0,1
710,1753489472.865436,graph,178,533,3.8631347954273223,0.13518883287906647,0.2508413791656494,1
720,1753489475.198621,node,181,540,3.169715401530266,0.13518883287906647,0.0,1
730,1753489477.6609359,graph,183,548,3.738501545786858,0.13518883287906647,0.2697560787200928,1
740,1753489480.040753,node,186,555,4.915950220823288,0.13518883287906647,0.0,1
750,1753489482.4780293,graph,188,563,3.1661892205476763,0.13518883287906647,0.2758042812347412,1
760,1753489484.8402205,node,191,570,2.78828264772892,0.13518883287906647,0.0,1
770,1753489487.3602152,graph,193,578,3.40547077357769,0.13518883287906647,0.2720601558685303,1
780,1753489489.7290776,node,196,585,3.017486271262169,0.13518883287906647,0.0,1
790,1753489492.4775019,graph,198,593,3.0481059730052946,0.13518883287906647,0.25977301597595215,1
800,1753489494.911372,node,201,600,2.05750350356102,0.13518883287906647,0.0,1
810,1753489497.3457954,graph,203,608,2.4981407314538955,0.13518883287906647,0.2520174980163574,1
820,1753489499.8744783,node,206,615,2.187315911054611,0.13518883287906647,0.0,1
830,1753489502.333599,graph,208,623,2.6643916368484497,0.13518883287906647,0.25424981117248535,1
840,1753489504.72878,node,211,630,2.023132485151291,0.13518883287906647,0.0,1
850,1753489507.2652,graph,213,638,2.0980613350868227,0.13518883287906647,0.2710444927215576,1
860,1753489509.7291229,node,216,645,2.9116448670625688,0.13518883287906647,0.0,1
870,1753489512.2143989,graph,218,653,2.069973108172417,0.13518883287906647,0.2739706039428711,1
880,1753489514.6188664,node,221,660,1.8913664013147353,0.13518883287906647,0.0,1
890,1753489517.1114795,graph,223,668,1.8974837958812714,0.13518883287906647,0.25211405754089355,1
900,1753489519.4864533,node,226,675,2.038412740826607,0.13518883287906647,0.0,1
910,1753489521.9279954,graph,228,683,1.781925880908966,0.13518883287906647,0.2593953609466553,1
920,1753489524.3659708,node,231,690,1.4427536189556123,0.13518883287906647,0.0,1
930,1753489526.8574686,graph,233,698,1.8069354802370072,0.13518883287906647,0.264833927154541,1
940,1753489529.2499595,node,236,705,1.551335096359253,0.13518883287906647,0.0,1
950,1753489531.7326162,graph,238,713,1.4865464717149734,0.13518883287906647,0.261272668838501,1
960,1753489534.125487,node,241,720,1.48820558488369,0.13518883287906647,0.0,1
970,1753489536.6376355,graph,243,728,1.4193139851093293,0.13518883287906647,0.25615453720092773,1
980,1753489539.0600705,node,246,735,1.3864091143012047,0.1305137425661087,0.0,1
990,1753489541.5595927,graph,248,743,1.5532193928956985,0.1305137425661087,0.2676582336425781,1
1000,1753489543.9572072,node,251,750,1.2821372136473657,0.1305137425661087,0.0,1
1010,1753489558.2774606,graph,253,758,1.3840511202812196,0.1305137425661087,0.25608110427856445,1
1020,1753489560.6985157,node,256,765,1.5601145803928376,0.1305137425661087,0.0,1
1030,1753489563.2072368,graph,258,773,1.3299105659127235,0.1305137425661087,0.2794039249420166,1
1040,1753489565.6490939,node,261,780,2.755999635159969,0.1305137425661087,0.0,1
1050,1753489568.1323063,graph,263,788,1.193393737077713,0.1305137425661087,0.2604241371154785,1
1060,1753489570.5734062,node,266,795,1.0383554995059967,0.1305137425661087,0.0,1
1070,1753489572.9886796,graph,268,803,1.2531579613685608,0.1305137425661087,0.2519404888153076,1
1080,1753489575.4029117,node,271,810,2.2003686904907225,0.1305137425661087,0.0,1
1090,1753489577.8849924,graph,273,818,1.3169098645448685,0.1305137425661087,0.2673187255859375,1
1100,1753489580.2868261,node,276,825,1.2662366479635239,0.1305137425661087,0.0,1
1110,1753489582.788792,graph,278,833,1.5738686501979828,0.1305137425661087,0.24719548225402832,1
1120,1753489585.2124538,node,281,840,1957.5105345070363,0.1305137425661087,0.0,1
1130,1753489587.7230253,graph,283,848,1.0410078912973404,0.1305137425661087,0.2761378288269043,1
1140,1753489590.1103714,node,286,855,0.9373342037200928,0.1305137425661087,0.0,1
1150,1753489592.580852,graph,288,863,1.2012180805206298,0.1305137425661087,0.2541384696960449,1
1160,1753489594.989682,node,291,870,0.8849094226956368,0.1305137425661087,0.0,1
1170,1753489597.483752,graph,293,878,1.0593871295452117,0.1305137425661087,0.2840917110443115,1
1180,1753489600.073268,node,296,885,0.9643337324261665,0.1305137425661087,0.0,1
1190,1753489602.7184708,graph,298,893,1.056998646259308,0.1305137425661087,0.30919480323791504,1
1200,1753489605.1212192,node,301,900,0.8834356129169464,0.1305137425661087,0.0,1
1210,1753489607.5941098,graph,303,908,1.1742994248867036,0.1305137425661087,0.26419568061828613,1
1220,1753489609.9982264,node,306,915,0.8879923671483994,0.1305137425661087,0.0,1
1230,1753489612.4513907,graph,308,923,0.9985945403575898,0.1305137425661087,0.2474079132080078,1
1240,1753489614.8650823,node,311,930,0.8085547000169754,0.1305137425661087,0.0,1
1250,1753489617.6361558,graph,313,938,0.774660387635231,0.1305137425661087,0.29277825355529785,1
1260,1753489620.114555,node,316,945,0.7069688498973846,0.1305137425661087,0.0,1
1270,1753489622.5596914,graph,318,953,0.8170473426580429,0.1305137425661087,0.26516103744506836,1
1280,1753489624.9309568,node,321,960,0.9672449201345443,0.1305137425661087,0.0,1
1290,1753489627.402348,graph,323,968,0.841448900103569,0.1305137425661087,0.25542712211608887,1
1300,1753489629.8184488,node,326,975,0.7075046360492706,0.1305137425661087,0.0,1
1310,1753489632.3415964,graph,328,983,0.8019110888242722,0.1305137425661087,0.2770235538482666,1
1320,1753489634.7598171,node,331,990,0.7792025119066238,0.1305137425661087,0.0,1
1330,1753489637.3061926,graph,333,998,0.8552108228206634,0.1305137425661087,0.27943992614746094,1
1340,1753489639.7364635,node,336,1005,0.7415127664804458,0.1305137425661087,0.0,1
1350,1753489642.3324096,graph,338,1013,0.7449551850557328,0.1305137425661087,0.28987908363342285,1
1360,1753489644.9208126,node,341,1020,0.6230805307626724,0.1305137425661087,0.0,1
1370,1753489647.5174792,graph,343,1028,0.608551199734211,0.1305137425661087,0.28578948974609375,1
1380,1753489650.2935002,node,346,1035,0.7613259047269821,0.1305137425661087,0.0,1
1390,1753489653.8547873,graph,348,1043,0.8159581542015075,0.1305137425661087,0.4592585563659668,1
1400,1753489657.6748412,node,351,1050,1.2615805745124817,0.1305137425661087,0.0,1
1410,1753489661.6054637,graph,353,1058,0.6647273033857346,0.1305137425661087,0.4136040210723877,1
1420,1753489665.1672142,node,356,1065,0.6310349598526954,0.1305137425661087,0.0,1
1430,1753489668.7981973,graph,358,1073,0.7722719550132752,0.1305137425661087,0.38655543327331543,1
1440,1753489672.603439,node,361,1080,1.645632067322731,0.1305137425661087,0.0,1
1450,1753489675.7785358,graph,363,1088,0.8791332602500915,0.1305137425661087,0.31698155403137207,1
1460,1753489678.4997034,node,366,1095,0.6075945675373078,0.1305137425661087,0.0,1
1470,1753489681.2947571,graph,368,1103,0.6925170928239822,0.1305137425661087,0.2946128845214844,1
1480,1753489684.014858,node,371,1110,2.0547400206327437,0.1305137425661087,0.0,1
1490,1753489687.5721252,graph,373,1118,0.6538802802562713,0.1305137425661087,0.330669641494751,1
1500,1753489691.2939403,node,376,1125,0.75050490796566,0.1305137425661087,0.0,1
1510,1753489712.2251508,graph,378,1133,0.7562634259462356,0.1305137425661087,0.39234328269958496,1
1520,1753489715.8715124,node,381,1140,0.6712352976202964,0.1305137425661087,0.0,1
1530,1753489720.017331,graph,383,1148,0.7378338679671288,0.1305137425661087,0.4558701515197754,1
1540,1753489723.7506094,node,386,1155,0.6793082505464554,0.1305137425661087,0.0,1
1550,1753489727.1130505,graph,388,1163,0.6345471829175949,0.1305137425661087,0.2821519374847412,1
1560,1753489730.8158004,node,391,1170,0.6919846624135971,0.1305137425661087,0.0,1
1570,1753489734.3528194,graph,393,1178,0.5957435101270676,0.1305137425661087,0.29544782638549805,1
1580,1753489737.688773,node,396,1185,0.6168289035558701,0.1305137425661087,0.0,1
1590,1753489741.84128,graph,398,1193,0.6589416235685348,0.1305137425661087,0.45658040046691895,1
1600,1753489745.8365235,node,401,1200,0.629590505361557,0.1305137425661087,0.0,1
1610,1753489749.8915231,graph,403,1208,1.0523593962192535,0.1305137425661087,0.4322471618652344,1
1620,1753489753.2401814,node,406,1215,0.6166754066944122,0.1305137425661087,0.0,1
1630,1753489757.065879,graph,408,1223,0.6909289985895157,0.1305137425661087,0.4412269592285156,1
1640,1753489760.7950213,node,411,1230,0.5952967375516891,0.1305137425661087,0.0,1
1650,1753489764.4744105,graph,413,1238,0.626096659898758,0.1305137425661087,0.42814159393310547,1
1660,1753489768.2705305,node,416,1245,0.5590585142374038,0.1305137425661087,0.0,1
1670,1753489772.320974,graph,418,1253,0.7099899008870125,0.1305137425661087,0.4378652572631836,1
1680,1753489775.4152625,node,421,1260,0.5831082791090012,0.1305137425661087,0.0,1
1690,1753489778.229867,graph,423,1268,0.5324082970619202,0.1305137425661087,0.2558434009552002,1
1700,1753489780.6362562,node,426,1275,0.5754647701978683,0.1305137425661087,0.0,1
1710,1753489783.1206243,graph,428,1283,0.5825192660093308,0.1305137425661087,0.2712409496307373,1
1720,1753489785.637151,node,431,1290,0.5562110751867294,0.1305137425661087,0.0,1
1730,1753489788.1364946,graph,433,1298,0.615775254368782,0.1305137425661087,0.2735707759857178,1
1740,1753489790.523413,node,436,1305,0.60848388671875,0.1305137425661087,0.0,1
1750,1753489793.008813,graph,438,1313,0.5926606506109238,0.1305137425661087,0.2548689842224121,1
1760,1753489795.425604,node,441,1320,0.6344372689723968,0.1305137425661087,0.0,1
1770,1753489797.9163618,graph,443,1328,0.5290063366293907,0.1305137425661087,0.2564105987548828,1
1780,1753489800.3218482,node,446,1335,0.4847642183303833,0.1305137425661087,0.0,1
1790,1753489802.7844608,graph,448,1343,0.558083787560463,0.1305137425661087,0.2534770965576172,1
1800,1753489805.1445236,node,451,1350,0.490522263944149,0.1305137425661087,0.0,1
1810,1753489807.5990055,graph,453,1358,0.5605827897787095,0.1305137425661087,0.28148555755615234,1
1820,1753489810.0428414,node,456,1365,0.643044239282608,0.1305137425661087,0.0,1
1830,1753489812.4921503,graph,458,1373,0.5750150084495544,0.1305137425661087,0.2513265609741211,1
1840,1753489814.926097,node,461,1380,0.4984543949365616,0.1305137425661087,0.0,1
1850,1753489817.5372646,graph,463,1388,0.46143212020397184,0.1305137425661087,0.2793421745300293,1
1860,1753489820.151597,node,466,1395,0.5368826434016227,0.1305137425661087,0.0,1
1870,1753489822.7612884,graph,468,1403,0.5899127751588822,0.1305137425661087,0.25737881660461426,1
1880,1753489825.2427418,node,471,1410,0.5365758329629898,0.1305137425661087,0.0,1
1890,1753489827.7741024,graph,473,1418,0.49802862107753754,0.1305137425661087,0.251140832901001,1
1900,1753489830.1816673,node,476,1425,0.5285273998975754,0.1305137425661087,0.0,1
1910,1753489832.6629078,graph,478,1433,0.47474142611026765,0.1305137425661087,0.2613027095794678,1
1920,1753489835.0563908,node,481,1440,0.6614573568105697,0.1305137425661087,0.0,1
1930,1753489837.5591166,graph,483,1448,0.5870063543319702,0.1305137425661087,0.24947547912597656,1
1940,1753489840.0034413,node,486,1455,0.4787730485200882,0.1305137425661087,0.0,1
1950,1753489842.508195,graph,488,1463,0.579045632481575,0.1305137425661087,0.2616157531738281,1
1960,1753489844.899028,node,491,1470,0.5602761089801789,0.1305137425661087,0.0,1
1970,1753489847.3378398,graph,493,1478,0.5331482589244843,0.1305137425661087,0.26102423667907715,1
1980,1753489849.7704344,node,496,1485,0.4291206493973732,0.1305137425661087,0.0,1
1990,1753489852.2341945,graph,498,1493,2070.8750226855277,0.1305137425661087,0.2588331699371338,1
2000,1753489854.8723037,node,501,1500,0.8519477277994156,0.1305137425661087,0.0,2
2010,1753489872.9278045,graph,503,1508,2.9743244647979736,0.1305137425661087,0.4835019111633301,2
2020,1753489877.5052593,node,506,1515,1.88379425406456,0.1305137425661087,0.0,2
2030,1753489881.8657022,graph,508,1523,1.7206729233264924,0.1305137425661087,0.4586036205291748,2
2040,1753489886.0689974,node,511,1530,1.8445548176765443,0.1305137425661087,0.0,2
2050,1753489890.4338894,graph,513,1538,1.1834279298782349,0.1305137425661087,0.46177053451538086,2
2060,1753489894.7816625,node,516,1545,2.077832853794098,0.1305137425661087,0.0,2
2070,1753489899.2125993,graph,518,1553,1.5285460889339446,0.1305137425661087,0.4804098606109619,2
2080,1753489903.6433241,node,521,1560,1.0854096055030822,0.1305137425661087,0.0,2
2090,1753489907.9690113,graph,523,1568,1.1248384177684785,0.1305137425661087,0.45694971084594727,2
2100,1753489912.189801,node,526,1575,1.2621612131595612,0.1305137425661087,0.0,2
2110,1753489916.5848231,graph,528,1583,2.0445444881916046,0.1305137425661087,0.4560103416442871,2
2120,1753489920.926307,node,531,1590,1.527448558807373,0.1305137425661087,0.0,2
2130,1753489925.327204,graph,533,1598,1.1924764394760132,0.1305137425661087,0.4637925624847412,2
2140,1753489929.5797246,node,536,1605,1.0007016479969024,0.1305137425661087,0.0,2
2150,1753489934.0273058,graph,538,1613,3.6469602942466737,0.1305137425661087,0.46616148948669434,2
2160,1753489938.3056626,node,541,1620,2.4252605020999907,0.1305137425661087,0.0,2
2170,1753489942.727406,graph,543,1628,1.3225795716047286,0.1305137425661087,0.4836249351501465,2
2180,1753489946.955316,node,546,1635,0.9529474675655365,0.1305137425661087,0.0,2
2190,1753489951.3233247,graph,548,1643,0.7267515867948532,0.1305137425661087,0.45263028144836426,2
2200,1753489955.6667652,node,551,1650,1.077549296617508,0.1305137425661087,0.0,2
2210,1753489960.0574243,graph,553,1658,1.4672582983970641,0.1305137425661087,0.4551830291748047,2
2220,1753489964.35217,node,556,1665,1.1892511934041976,0.1305137425661087,0.0,2
2230,1753489968.9342685,graph,558,1673,2.2459541738033293,0.1305137425661087,0.49182558059692383,2
2240,1753489973.4835746,node,561,1680,1.6055504083633423,0.1305137425661087,0.0,2
2250,1753489978.5515108,graph,563,1688,1.2584893733263016,0.1305137425661087,0.49509119987487793,2
2260,1753489983.9572866,node,566,1695,0.9153324276208877,0.1305137425661087,0.0,2
2270,1753489989.4931865,graph,568,1703,0.5382026046514511,0.1305137425661087,0.4870030879974365,2
2280,1753489994.944707,node,571,1710,2.165509796142578,0.1305137425661087,0.0,2
2290,1753490000.6361268,graph,573,1718,1.7955702394247055,0.1305137425661087,0.623704195022583,2
2300,1753490005.9858947,node,576,1725,1.1024075895547867,0.1305137425661087,0.0,2
2310,1753490011.7205117,graph,578,1733,1.4343708276748657,0.1305137425661087,0.5949039459228516,2
2320,1753490017.2251718,node,581,1740,3.44136343896389,0.1305137425661087,0.0,2
2330,1753490022.9360802,graph,583,1748,0.6581055760383606,0.1305137425661087,0.6236355304718018,2
2340,1753490028.5074434,node,586,1755,1.4592625349760056,0.1305137425661087,0.0,2
2350,1753490034.2111526,graph,588,1763,1.9198825359344482,0.1305137425661087,0.6115086078643799,2
2360,1753490039.7913768,node,591,1770,2.17306826710701,0.1305137425661087,0.0,2
2370,1753490045.5762355,graph,593,1778,1.8864674419164658,0.1305137425661087,0.6009323596954346,2
2380,1753490050.991386,node,596,1785,1.9523303478956222,0.1305137425661087,0.0,2
2390,1753490056.7885146,graph,598,1793,1.4924338042736054,0.1305137425661087,0.5848498344421387,2
2400,1753490062.0930836,node,601,1800,1.5417070537805557,0.1305137425661087,0.0,2
2410,1753490067.7145183,graph,603,1808,1.4724595308303834,0.1305137425661087,0.6151478290557861,2
2420,1753490073.244365,node,606,1815,0.9599069982767106,0.1305137425661087,0.0,2
2430,1753490078.4835443,graph,608,1823,0.9134089440107346,0.1305137425661087,0.5854165554046631,2
2440,1753490083.2576249,node,611,1830,1.2223244160413742,0.1305137425661087,0.0,2
2450,1753490088.0267785,graph,613,1838,0.8069770455360412,0.1305137425661087,0.47856879234313965,2
2460,1753490092.5053267,node,616,1845,0.6971269726753235,0.1305137425661087,0.0,2
2470,1753490097.6888363,graph,618,1853,1.139814528822899,0.1305137425661087,0.5929360389709473,2
2480,1753490103.0515938,node,621,1860,0.6712238162755966,0.1305137425661087,0.0,2
2490,1753490108.2240322,graph,623,1868,0.7791592866182327,0.1305137425661087,0.532128095626831,2
2500,1753490113.6857643,node,626,1875,11.33065702021122,0.1305137425661087,0.0,2
2510,1753490133.5901577,graph,628,1883,0.8850187808275223,0.1305137425661087,0.48415684700012207,2
2520,1753490137.939925,node,631,1890,0.6545491963624954,0.1305137425661087,0.0,2
2530,1753490142.286965,graph,633,1898,0.5982977330684662,0.1305137425661087,0.47655320167541504,2
2540,1753490146.5474172,node,636,1905,1.0397460490465165,0.1305137425661087,0.0,2
2550,1753490150.9788694,graph,638,1913,1.1680222749710083,0.1305137425661087,0.4696464538574219,2
2560,1753490155.1888983,node,641,1920,1.287779951095581,0.1305137425661087,0.0,2
2570,1753490159.647984,graph,643,1928,0.750154510140419,0.1305137425661087,0.45864224433898926,2
2580,1753490163.9809546,node,646,1935,0.9622961699962616,0.1305137425661087,0.0,2
2590,1753490168.3652635,graph,648,1943,1.1798982501029969,0.1305137425661087,0.46536827087402344,2
2600,1753490172.6247656,node,651,1950,0.7270925104618072,0.1305137425661087,0.0,2
2610,1753490176.9969385,graph,653,1958,0.5138494670391083,0.1305137425661087,0.4772145748138428,2
2620,1753490181.2234156,node,656,1965,2.9471551895141603,0.1305137425661087,0.0,2
2630,1753490185.6838202,graph,658,1973,1.1709663450717926,0.1305137425661087,0.4676859378814697,2
2640,1753490190.0084953,node,661,1980,104.77898276448249,0.1305137425661087,0.0,2
2650,1753490194.502648,graph,663,1988,1.8655651688575745,0.1305137425661087,0.4850494861602783,2
2660,1753490198.8003752,node,666,1995,0.8220370769500732,0.1305137425661087,0.0,2
2670,1753490203.23295,graph,668,2003,2.857366734743118,0.1305137425661087,0.47237181663513184,2
2680,1753490207.6404896,node,671,2010,3.058148926496506,0.1305137425661087,0.0,2
2690,1753490211.9694784,graph,673,2018,1.5360893785953522,0.1305137425661087,0.45574474334716797,2
2700,1753490216.303103,node,676,2025,1.2762710928916932,0.1305137425661087,0.0,2
2710,1753490220.7337077,graph,678,2033,0.6762849926948548,0.1305137425661087,0.454268217086792,2
2720,1753490225.0792491,node,681,2040,0.9850131273269653,0.1305137425661087,0.0,2
2730,1753490229.57422,graph,683,2048,0.8406843543052673,0.1305137425661087,0.46526169776916504,2
2740,1753490233.8698545,node,686,2055,1.0707857012748718,0.1305137425661087,0.0,2
2750,1753490238.177516,graph,688,2063,0.4133338838815689,0.1305137425661087,0.4464898109436035,2
2760,1753490242.4608405,node,691,2070,5.984464263916015,0.1305137425661087,0.0,2
2770,1753490246.8471751,graph,693,2078,1.3575121074914933,0.1305137425661087,0.45407581329345703,2
2780,1753490251.1939487,node,696,2085,1.2632095575332642,0.1305137425661087,0.0,2
2790,1753490255.6220524,graph,698,2093,0.6025785475969314,0.1305137425661087,0.4700171947479248,2
2800,1753490259.9689999,node,701,2100,0.7462965101003647,0.1305137425661087,0.0,2
2810,1753490264.2747104,graph,703,2108,0.3624517410993576,0.1305137425661087,0.4304168224334717,2
2820,1753490268.5286431,node,706,2115,1.1680037319660186,0.1305137425661087,0.0,2
2830,1753490272.956438,graph,708,2123,116.5651698961854,0.1305137425661087,0.4486379623413086,2
2840,1753490277.1738281,node,711,2130,1.2773067116737367,0.1305137425661087,0.0,2
2850,1753490281.5996928,graph,713,2138,0.46944456547498703,0.1305137425661087,0.45566272735595703,2
2860,1753490286.0007322,node,716,2145,3.7864253133535386,0.1305137425661087,0.0,2
2870,1753490290.3694189,graph,718,2153,1.073432058095932,0.1305137425661087,0.45520782470703125,2
2880,1753490294.6450868,node,721,2160,4.81146981716156,0.1305137425661087,0.0,2
2890,1753490299.0348427,graph,723,2168,0.5295075461268425,0.1305137425661087,0.46224379539489746,2
2900,1753490303.3947096,node,726,2175,0.8270495265722275,0.1305137425661087,0.0,2
2910,1753490307.7793906,graph,728,2183,0.7327240020036697,0.1305137425661087,0.44129443168640137,2
2920,1753490312.1196423,node,731,2190,5.063646760582924,0.1305137425661087,0.0,2
2930,1753490316.5436924,graph,733,2198,0.486843204498291,0.1305137425661087,0.4644045829772949,2
2940,1753490320.8721185,node,736,2205,0.420139467716217,0.1305137425661087,0.0,2
2950,1753490325.33174,graph,738,2213,1.055438843369484,0.1305137425661087,0.4534120559692383,2
2960,1753490329.558919,node,741,2220,1.8530532166361808,0.1305137425661087,0.0,2
2970,1753490333.9439485,graph,743,2228,1.6696319550275802,0.1305137425661087,0.45457959175109863,2
2980,1753490338.3331764,node,746,2235,1.1707287549972534,0.1305137425661087,0.0,2
2990,1753490342.6528184,graph,748,2243,0.5575570076704025,0.1305137425661087,0.4572486877441406,2
3000,1753490346.9284704,node,751,2250,1.6575672894716262,0.1305137425661087,0.0,2
3010,1753490365.0796514,graph,753,2258,0.5979375094175339,0.1305137425661087,0.4796135425567627,2
3020,1753490369.3232574,node,756,2265,2.9310180991888046,0.1305137425661087,0.0,2
3030,1753490373.7530067,graph,758,2273,2.248931165039539,0.1305137425661087,0.44553041458129883,2
3040,1753490378.092415,node,761,2280,1.0419132277369498,0.1305137425661087,0.0,2
3050,1753490382.4577765,graph,763,2288,0.6815403550863266,0.1305137425661087,0.45231175422668457,2
3060,1753490386.8280807,node,766,2295,1.3781925439834595,0.1305137425661087,0.0,2
3070,1753490391.2079518,graph,768,2303,3.5950151905417442,0.1305137425661087,0.47689342498779297,2
3080,1753490395.4662478,node,771,2310,0.8356527835130692,0.1305137425661087,0.0,2
3090,1753490399.8409948,graph,773,2318,1.072316613793373,0.1305137425661087,0.4444403648376465,2
3100,1753490404.3412442,node,776,2325,0.7729500696063042,0.1305137425661087,0.0,2
3110,1753490408.7175913,graph,778,2333,0.6366082400083541,0.1305137425661087,0.474595308303833,2
3120,1753490413.041594,node,781,2340,104.66280449479818,0.1305137425661087,0.0,2
3130,1753490417.4740248,graph,783,2348,0.4689743399620056,0.1305137425661087,0.4917726516723633,2
3140,1753490421.8342028,node,786,2355,2.339991217851639,0.1305137425661087,0.0,2
3150,1753490426.4177372,graph,788,2363,0.9613300368189812,0.1305137425661087,0.4748823642730713,2
3160,1753490430.780229,node,791,2370,0.6436967268586159,0.1305137425661087,0.0,2
3170,1753490435.064111,graph,793,2378,11.151970018446445,0.1305137425661087,0.46362900733947754,2
3180,1753490439.3560617,node,796,2385,1.1552830919623376,0.1305137425661087,0.0,2
3190,1753490443.7358432,graph,798,2393,0.5256134331226349,0.1305137425661087,0.4631192684173584,2
3200,1753490447.968271,node,801,2400,1.6660429656505584,0.1305137425661087,0.0,2
3210,1753490452.3252766,graph,803,2408,0.5221056804060936,0.1305137425661087,0.4676806926727295,2
3220,1753490456.6024961,node,806,2415,3.1931655272841453,0.1305137425661087,0.0,2
3230,1753490461.0419703,graph,808,2423,0.5547760128974915,0.1305137425661087,0.4526097774505615,2
3240,1753490465.350976,node,811,2430,0.6107225000858307,0.1305137425661087,0.0,2
3250,1753490469.775881,graph,813,2438,0.5745818391442299,0.1305137425661087,0.4562675952911377,2
3260,1753490474.0097694,node,816,2445,0.6181950390338897,0.1305137425661087,0.0,2
3270,1753490478.433314,graph,818,2453,0.49638655334711074,0.1305137425661087,0.4508991241455078,2
3280,1753490482.594962,node,821,2460,98.27196424007415,0.1305137425661087,0.0,2
3290,1753490487.0299249,graph,823,2468,1.2080870062112807,0.1305137425661087,0.4832925796508789,2
3300,1753490491.25451,node,826,2475,1.1571677550673485,0.1305137425661087,0.0,2
3310,1753490495.6973927,graph,828,2483,0.32719372361898424,0.1305137425661087,0.46286964416503906,2
3320,1753490500.0379868,node,831,2490,3.371960286796093,0.1305137425661087,0.0,2
3330,1753490504.360674,graph,833,2498,0.4275972232222557,0.1305137425661087,0.4569239616394043,2
3340,1753490508.5913882,node,836,2505,0.6976456820964814,0.1305137425661087,0.0,2
3350,1753490512.9535458,graph,838,2513,0.322782988846302,0.1305137425661087,0.47052478790283203,2
3360,1753490517.3149002,node,841,2520,0.5547841861844063,0.1305137425661087,0.0,2
3370,1753490521.800232,graph,843,2528,0.7561950996518135,0.1305137425661087,0.4820728302001953,2
3380,1753490526.108404,node,846,2535,0.48815685212612153,0.1305137425661087,0.0,2
3390,1753490530.4990017,graph,848,2543,0.5308774322271347,0.1305137425661087,0.4672892093658447,2
3400,1753490534.8239596,node,851,2550,1.3441108018159866,0.1305137425661087,0.0,2
3410,1753490539.2696297,graph,853,2558,0.8431915625929832,0.1305137425661087,0.4679684638977051,2
3420,1753490543.6315868,node,856,2565,0.9113105893135071,0.1305137425661087,0.0,2
3430,1753490547.9364753,graph,858,2573,1.034154114127159,0.1305137425661087,0.46143221855163574,2
3440,1753490552.157291,node,861,2580,0.5669394597411156,0.1305137425661087,0.0,2
3450,1753490556.564421,graph,863,2588,2.0280659794807434,0.1305137425661087,0.46196484565734863,2
3460,1753490560.9032302,node,866,2595,2.229516951739788,0.1305137425661087,0.0,2
3470,1753490565.4212239,graph,868,2603,0.5091798782348633,0.1305137425661087,0.4630155563354492,2
3480,1753490569.733821,node,871,2610,0.6714461147785187,0.1305137425661087,0.0,2
3490,1753490574.1678486,graph,873,2618,0.8031241402029992,0.1305137425661087,0.47583556175231934,2
3500,1753490578.4394145,node,876,2625,1.1919513285160064,0.1305137425661087,0.0,2
3510,1753490596.3567605,graph,878,2633,0.43044694513082504,0.1305137425661087,0.4611170291900635,2
3520,1753490600.624948,node,881,2640,5.322970096766949,0.1305137425661087,0.0,2
3530,1753490605.0577912,graph,883,2648,0.5142637595534325,0.1305137425661087,0.4631657600402832,2
3540,1753490609.299959,node,886,2655,104.94282471686601,0.1305137425661087,0.0,2
3550,1753490613.767213,graph,888,2663,1.3845178574323653,0.1305137425661087,0.4622914791107178,2
3560,1753490618.008738,node,891,2670,1.4142597258090972,0.1305137425661087,0.0,2
3570,1753490622.4529014,graph,893,2678,2.566950161755085,0.1305137425661087,0.45501136779785156,2
3580,1753490626.6482193,node,896,2685,0.9707308724522591,0.1305137425661087,0.0,2
3590,1753490630.9828925,graph,898,2693,0.29832530170679095,0.1305137425661087,0.4351339340209961,2
3600,1753490635.1676035,node,901,2700,3.4775537624955177,0.1305137425661087,0.0,2
3610,1753490639.5967689,graph,903,2708,0.8278142392635346,0.1305137425661087,0.4682037830352783,2
3620,1753490643.9585736,node,906,2715,0.7674242973327636,0.1305137425661087,0.0,2
3630,1753490648.267137,graph,908,2723,1.6190105184912682,0.1305137425661087,0.4686264991760254,2
3640,1753490652.6495776,node,911,2730,1.2032639652490615,0.1305137425661087,0.0,2
3650,1753490657.017148,graph,913,2738,1.6523774072527886,0.1305137425661087,0.4750690460205078,2
3660,1753490661.4434657,node,916,2745,2.5134183764457703,0.1305137425661087,0.0,2
3670,1753490665.75235,graph,918,2753,0.30303352773189546,0.1305137425661087,0.46190786361694336,2
3680,1753490670.1005042,node,921,2760,2.5128047972917558,0.1305137425661087,0.0,2
3690,1753490674.446199,graph,923,2768,1.2767287343740463,0.1305137425661087,0.44840431213378906,2
